assembly	species	has_annotation	n_hsp	n_loci	n_clusters	genes_found	best_tier
GCA_013427175.2	Armillaria borealis	yes	715	33	27	HispS,H3H,Luz,CPH	1
GCA_030435635.1	Armillaria borealis	yes	1096	54	41	HispS,H3H,Luz,CPH	1
GCA_900157415.1	Armillaria cepistipes	no	748	32	24	HispS,H3H,Luz,CPH	1
GCA_002307695.1	Armillaria gallica	yes	844	38	30	HispS,H3H,Luz,CPH	1
GCA_012064365.1	Armillaria gallica	no	907	44	33	HispS,H3H,Luz,CPH	1
GCA_026212265.1	Armillaria gallica	no	844	40	34	HispS,H3H,Luz,CPH	1
GCA_037576215.1	Armillaria gallica	no	953	44	32	HispS,H3H,Luz,CPH	1
GCA_038088205.1	Armillaria gallica	no	784	35	29	HispS,H3H,Luz,CPH	1
GCA_900157425.1	Armillaria ostoyae	yes	842	35	26	HispS,H3H,Luz,CPH	1
GCA_902506015.1	Armillaria ostoyae	no	845	35	26	HispS,H3H,Luz,CPH	1
GCA_964034915.1	Armillaria ostoyae	no	792	36	26	HispS,H3H,Luz,CPH	1
GCA_964034935.1	Armillaria ostoyae	no	791	35	26	HispS,H3H,Luz,CPH	1
GCA_030407055.1	Armillaria mellea	yes	848	44	36	HispS,H3H,Luz,CPH	1
GCA_003987895.1	Neonothopanus nambi	no	1127	78	69	HispS,H3H,Luz,CPH	1
GCA_030435655.1	Armillaria novae-zelandiae	yes	835	38	31	HispS,H3H,Luz,CPH	1
GCA_013387415.1	Panellus pusillus	no	1403	49	45	HispS,H3H,Luz,CPH	2
GCA_029449255.1	Mycena polygramma	yes	2633	109	87	HispS,H3H,Luz,CPH	2
GCA_029281435.1	Mycena haematopus	yes	1615	62	53	HispS,H3H,Luz,CPH	2
GCA_014462675.1	Mycena sanguinolenta	yes	2531	102	68	HispS,H3H,Luz,CPH	2
GCA_029203985.1	Mycena sanguinolenta	yes	2011	82	60	HispS,H3H,Luz,CPH	2
GCA_001612595.1	Mycena chlorophos	no	952	55	53	HispS,H3H,Luz,CPH	2
GCA_014461115.1	Mycena chlorophos	yes	797	44	31	HispS,H3H,Luz,CPH	2
GCA_019112545.1	Guyanagaster necrorhizus	yes	653	26	21	HispS,H3H,Luz,CPH	1
GCA_002307675.1	Armillaria solidipes	yes	889	37	26	HispS,H3H,Luz,CPH	1
GCA_022818035.1	Armillaria solidipes	no	890	37	29	HispS,H3H,Luz,CPH	1
GCA_053525415.1	Armillaria solidipes	no	1226	52	44	HispS,H3H,Luz,CPH	1
GCA_000296255.1	Omphalotus olearius	no	416	20	19	HispS,H3H,Luz,CPH	3
GCA_029378245.1	Roridomyces roridus	yes	3070	124	84	HispS,H3H,Luz,CPH	2
GCA_003987915.1	Mycena citricolor	no	2578	115	105	HispS,H3H,Luz,CPH	2
GCA_963692855.1	Mycena citricolor	yes	2415	104	57	HispS,H3H,Luz,CPH	2
